{"ТЦ ДА": {"Фитнес-центр": 3.724452278356562, "ЦУМ": 5.690584756200781, "Аквамолл": 5.4014871065988705, "Альянс": 11.729978046839424, "ТЦ Заря": 11.439877663005177}, "Фитнес-центр": {"ТЦ ДА": 3.724452278356563, "ЦУМ": 1.9661324778442195, "Аквамолл": 3.7379111722662897, "Альянс": 10.066402112506843, "ТЦ Заря": 9.776301728672596}, "ЦУМ": {"ТЦ ДА": 5.690584756200781, "Фитнес-центр": 1.9661324778442195, "Аквамолл": 3.825437156690116, "Альянс": 10.153928096930668, "ТЦ Заря": 9.86382771309642}, "Аквамолл": {"ТЦ ДА": 5.40148710659887, "Фитнес-центр": 3.7379111722662888, "ЦУМ": 3.8254371566901155, "Альянс": 6.3284909402405525, "ТЦ Заря": 6.0383905564063065}, "Альянс": {"ТЦ ДА": 11.729978046839422, "Фитнес-центр": 10.066402112506841, "ЦУМ": 10.153928096930668, "Аквамолл": 6.3284909402405525, "ТЦ Заря": 3.609476501740428}, "ТЦ Заря": {"ТЦ ДА": 11.439877663005175, "Фитнес-центр": 9.776301728672594, "ЦУМ": 9.863827713096422, "Аквамолл": 6.038390556406306, "Альянс": 3.609476501740428}}