{"ТЦ ДА": {"Фитнес-центр": 3.746032094726783, "ЦУМ": 5.462726305037923, "Аквамолл": 4.849474936009125, "Альянс": 10.808416879630174, "ТЦ Заря": 10.765058580634838}, "Фитнес-центр": {"ТЦ ДА": 3.746032094726783, "ЦУМ": 1.7166942103111396, "Аквамолл": 3.692145336312536, "Альянс": 9.651087279933586, "ТЦ Заря": 9.60772898093825}, "ЦУМ": {"ТЦ ДА": 5.462726305037922, "Фитнес-центр": 1.7166942103111396, "Аквамолл": 5.408839546623676, "Альянс": 11.367781490244724, "ТЦ Заря": 11.32442319124939}, "Аквамолл": {"ТЦ ДА": 4.849474936009125, "Фитнес-центр": 3.692145336312536, "ЦУМ": 5.408839546623676, "Альянс": 5.958941943621049, "ТЦ Заря": 5.915583644625713}, "Альянс": {"ТЦ ДА": 10.808416879630174, "Фитнес-центр": 9.651087279933584, "ЦУМ": 11.367781490244724, "Аквамолл": 5.958941943621049, "ТЦ Заря": 3.405992868536162}, "ТЦ Заря": {"ТЦ ДА": 10.765058580634838, "Фитнес-центр": 9.607728980938248, "ЦУМ": 11.324423191249387, "Аквамолл": 5.915583644625713, "Альянс": 3.4059928685361616}}